INSERT INTO Usuario (NickName, Password) VALUES ('user1', 'password1');
INSERT INTO Usuario (NickName, Password) VALUES ('user2', 'password2');
INSERT INTO Usuario (NickName, Password) VALUES ('user3', 'password3');
INSERT INTO Usuario (NickName, Password) VALUES ('user4', 'password4');
INSERT INTO Usuario (NickName, Password) VALUES ('user5', 'password5');
INSERT INTO Usuario (NickName, Password) VALUES ('user6', 'password6');
INSERT INTO Usuario (NickName, Password) VALUES ('user7', 'password7');
INSERT INTO Usuario (NickName, Password) VALUES ('user8', 'password8');
INSERT INTO Usuario (NickName, Password) VALUES ('user9', 'password9');
INSERT INTO Usuario (NickName, Password) VALUES ('user10', 'password10');

INSERT INTO Marca (NombreMarca) VALUES ('Marca1');
INSERT INTO Marca (NombreMarca) VALUES ('Marca2');
INSERT INTO Marca (NombreMarca) VALUES ('Marca3');
INSERT INTO Marca (NombreMarca) VALUES ('Marca4');
INSERT INTO Marca (NombreMarca) VALUES ('Marca5');
INSERT INTO Marca (NombreMarca) VALUES ('Marca6');
INSERT INTO Marca (NombreMarca) VALUES ('Marca7');
INSERT INTO Marca (NombreMarca) VALUES ('Marca8');
INSERT INTO Marca (NombreMarca) VALUES ('Marca9');
INSERT INTO Marca (NombreMarca) VALUES ('Marca10');

INSERT INTO Unidad (NombreUnidad, Descripcion) VALUES ('Unidad1', 'Descripcion1');
INSERT INTO Unidad (NombreUnidad, Descripcion) VALUES ('Unidad2', 'Descripcion2');
INSERT INTO Unidad (NombreUnidad, Descripcion) VALUES ('Unidad3', 'Descripcion3');
INSERT INTO Unidad (NombreUnidad, Descripcion) VALUES ('Unidad4', 'Descripcion4');
INSERT INTO Unidad (NombreUnidad, Descripcion) VALUES ('Unidad5', 'Descripcion5');
INSERT INTO Unidad (NombreUnidad, Descripcion) VALUES ('Unidad6', 'Descripcion6');
INSERT INTO Unidad (NombreUnidad, Descripcion) VALUES ('Unidad7', 'Descripcion7');
INSERT INTO Unidad (NombreUnidad, Descripcion) VALUES ('Unidad8', 'Descripcion8');
INSERT INTO Unidad (NombreUnidad, Descripcion) VALUES ('Unidad9', 'Descripcion9');
INSERT INTO Unidad (NombreUnidad, Descripcion) VALUES ('Unidad10', 'Descripcion10');

INSERT INTO Unidad (NombreUnidad, Descripcion) VALUES ('Kilogramo', 'Unidad de peso');
INSERT INTO Unidad (NombreUnidad, Descripcion) VALUES ('Gramo', 'Unidad de peso');
INSERT INTO Unidad (NombreUnidad, Descripcion) VALUES ('Miligramo', 'Unidad de peso');
INSERT INTO Unidad (NombreUnidad, Descripcion) VALUES ('Tonelada', 'Unidad de peso');
INSERT INTO Unidad (NombreUnidad, Descripcion) VALUES ('Libra', 'Unidad de peso');
INSERT INTO Unidad (NombreUnidad, Descripcion) VALUES ('Onza', 'Unidad de peso');
INSERT INTO Unidad (NombreUnidad, Descripcion) VALUES ('Litro', 'Unidad de volumen');
INSERT INTO Unidad (NombreUnidad, Descripcion) VALUES ('Mililitro', 'Unidad de volumen');
INSERT INTO Unidad (NombreUnidad, Descripcion) VALUES ('Galón', 'Unidad de volumen');
INSERT INTO Unidad (NombreUnidad, Descripcion) VALUES ('Pinta', 'Unidad de volumen');

INSERT INTO Proveedor (Compania, NombreProveedor, Direccion, Celular) VALUES ('Google', 'Proveedor1', 'Direccion1', '1234567890');
INSERT INTO Proveedor (Compania, NombreProveedor, Direccion, Celular) VALUES ('Microsoft', 'Proveedor2', 'Direccion2', '1234567891');
INSERT INTO Proveedor (Compania, NombreProveedor, Direccion, Celular) VALUES ('Apple', 'Proveedor3', 'Direccion3', '1234567892');
INSERT INTO Proveedor (Compania, NombreProveedor, Direccion, Celular) VALUES ('Amazon', 'Proveedor4', 'Direccion4', '1234567893');
INSERT INTO Proveedor (Compania, NombreProveedor, Direccion, Celular) VALUES ('Facebook', 'Proveedor5', 'Direccion5', '1234567894');
INSERT INTO Proveedor (Compania, NombreProveedor, Direccion, Celular) VALUES ('IBM', 'Proveedor6', 'Direccion6', '1234567895');
INSERT INTO Proveedor (Compania, NombreProveedor, Direccion, Celular) VALUES ('Intel', 'Proveedor7', 'Direccion7', '1234567896');
INSERT INTO Proveedor (Compania, NombreProveedor, Direccion, Celular) VALUES ('Cisco', 'Proveedor8', 'Direccion8', '1234567897');
INSERT INTO Proveedor (Compania, NombreProveedor, Direccion, Celular) VALUES ('Oracle', 'Proveedor9', 'Direccion9', '1234567898');
INSERT INTO Proveedor (Compania, NombreProveedor, Direccion, Celular) VALUES ('SAP', 'Proveedor10', 'Direccion10', '1234567899');
INSERT INTO Proveedor (Compania, NombreProveedor, Direccion, Celular) VALUES ('Salesforce', 'Proveedor11', 'Direccion11', '1234567800');
INSERT INTO Proveedor (Compania, NombreProveedor, Direccion, Celular) VALUES ('Adobe', 'Proveedor12', 'Direccion12', '1234567801');
INSERT INTO Proveedor (Compania, NombreProveedor, Direccion, Celular) VALUES ('Dell', 'Proveedor13', 'Direccion13', '1234567802');
INSERT INTO Proveedor (Compania, NombreProveedor, Direccion, Celular) VALUES ('HP', 'Proveedor14', 'Direccion14', '1234567803');
INSERT INTO Proveedor (Compania, NombreProveedor, Direccion, Celular) VALUES ('NVIDIA', 'Proveedor15', 'Direccion15', '1234567804');
INSERT INTO Proveedor (Compania, NombreProveedor, Direccion, Celular) VALUES ('AMD', 'Proveedor16', 'Direccion16', '1234567805');
INSERT INTO Proveedor (Compania, NombreProveedor, Direccion, Celular) VALUES ('Qualcomm', 'Proveedor17', 'Direccion17', '1234567806');
INSERT INTO Proveedor (Compania, NombreProveedor, Direccion, Celular) VALUES ('Sony', 'Proveedor18', 'Direccion18', '1234567807');
INSERT INTO Proveedor (Compania, NombreProveedor, Direccion, Celular) VALUES ('Samsung', 'Proveedor19', 'Direccion19', '1234567808');
INSERT INTO Proveedor (Compania, NombreProveedor, Direccion, Celular) VALUES ('LG', 'Proveedor20', 'Direccion20', '1234567809');

INSERT INTO FacturaCompra (ProveedorId, Fecha, Total) VALUES (1, '2023-01-01', 100.0);
INSERT INTO FacturaCompra (ProveedorId, Fecha, Total) VALUES (2, '2023-01-02', 200.0);
INSERT INTO FacturaCompra (ProveedorId, Fecha, Total) VALUES (3, '2023-01-03', 300.0);
INSERT INTO FacturaCompra (ProveedorId, Fecha, Total) VALUES (4, '2023-01-04', 400.0);
INSERT INTO FacturaCompra (ProveedorId, Fecha, Total) VALUES (5, '2023-01-05', 500.0);
INSERT INTO FacturaCompra (ProveedorId, Fecha, Total) VALUES (6, '2023-01-06', 600.0);
INSERT INTO FacturaCompra (ProveedorId, Fecha, Total) VALUES (7, '2023-01-07', 700.0);
INSERT INTO FacturaCompra (ProveedorId, Fecha, Total) VALUES (8, '2023-01-08', 800.0);
INSERT INTO FacturaCompra (ProveedorId, Fecha, Total) VALUES (9, '2023-01-09', 900.0);
INSERT INTO FacturaCompra (ProveedorId, Fecha, Total) VALUES (10, '2023-01-10', 1000.0);

INSERT INTO FacturaCompra (FechaCompra, ProveedorId) VALUES ('2023-01-01', 1);
INSERT INTO FacturaCompra (FechaCompra, ProveedorId) VALUES ('2023-01-02', 2);
INSERT INTO FacturaCompra (FechaCompra, ProveedorId) VALUES ('2023-01-03', 3);
INSERT INTO FacturaCompra (FechaCompra, ProveedorId) VALUES ('2023-01-04', 4);
INSERT INTO FacturaCompra (FechaCompra, ProveedorId) VALUES ('2023-01-05', 5);
INSERT INTO FacturaCompra (FechaCompra, ProveedorId) VALUES ('2023-01-06', 6);
INSERT INTO FacturaCompra (FechaCompra, ProveedorId) VALUES ('2023-01-07', 7);
INSERT INTO FacturaCompra (FechaCompra, ProveedorId) VALUES ('2023-01-08', 8);
INSERT INTO FacturaCompra (FechaCompra, ProveedorId) VALUES ('2023-01-09', 9);
INSERT INTO FacturaCompra (FechaCompra, ProveedorId) VALUES ('2023-01-10', 10);

INSERT INTO MarcaProveedor (MarcaId, ProveedorId) VALUES (1, 1);
INSERT INTO MarcaProveedor (MarcaId, ProveedorId) VALUES (2, 2);
INSERT INTO MarcaProveedor (MarcaId, ProveedorId) VALUES (3, 3);
INSERT INTO MarcaProveedor (MarcaId, ProveedorId) VALUES (4, 4);
INSERT INTO MarcaProveedor (MarcaId, ProveedorId) VALUES (5, 5);
INSERT INTO MarcaProveedor (MarcaId, ProveedorId) VALUES (6, 6);
INSERT INTO MarcaProveedor (MarcaId, ProveedorId) VALUES (7, 7);
INSERT INTO MarcaProveedor (MarcaId, ProveedorId) VALUES (8, 8);
INSERT INTO MarcaProveedor (MarcaId, ProveedorId) VALUES (9, 9);
INSERT INTO MarcaProveedor (MarcaId, ProveedorId) VALUES (10, 10);
INSERT INTO MarcaProveedor (MarcaId, ProveedorId) VALUES (1, 11);
INSERT INTO MarcaProveedor (MarcaId, ProveedorId) VALUES (2, 12);
INSERT INTO MarcaProveedor (MarcaId, ProveedorId) VALUES (3, 13);
INSERT INTO MarcaProveedor (MarcaId, ProveedorId) VALUES (4, 14);
INSERT INTO MarcaProveedor (MarcaId, ProveedorId) VALUES (5, 15);
INSERT INTO MarcaProveedor (MarcaId, ProveedorId) VALUES (6, 16);
INSERT INTO MarcaProveedor (MarcaId, ProveedorId) VALUES (7, 17);
INSERT INTO MarcaProveedor (MarcaId, ProveedorId) VALUES (8, 18);
INSERT INTO MarcaProveedor (MarcaId, ProveedorId) VALUES (9, 19);
INSERT INTO MarcaProveedor (MarcaId, ProveedorId) VALUES (10, 20);

INSERT INTO Cliente (Nombre, Apellido, Direccion, Celular) VALUES ('Juan', 'Hernandez', 'Direccion1', '1234567890');
INSERT INTO Cliente (Nombre, Apellido, Direccion, Celular) VALUES ('José', 'Martinez', 'Direccion2', '1234567891');
INSERT INTO Cliente (Nombre, Apellido, Direccion, Celular) VALUES ('Luis', 'Garcia', 'Direccion3', '1234567892');
INSERT INTO Cliente (Nombre, Apellido, Direccion, Celular) VALUES ('Carlos', 'Lopez', 'Direccion4', '1234567893');
INSERT INTO Cliente (Nombre, Apellido, Direccion, Celular) VALUES ('Miguel', 'Gonzalez', 'Direccion5', '1234567894');
INSERT INTO Cliente (Nombre, Apellido, Direccion, Celular) VALUES ('Francisco', 'Perez', 'Direccion6', '1234567895');
INSERT INTO Cliente (Nombre, Apellido, Direccion, Celular) VALUES ('Jorge', 'Sanchez', 'Direccion7', '1234567896');
INSERT INTO Cliente (Nombre, Apellido, Direccion, Celular) VALUES ('Pedro', 'Ramirez', 'Direccion8', '1234567897');
INSERT INTO Cliente (Nombre, Apellido, Direccion, Celular) VALUES ('Ricardo', 'Torres', 'Direccion9', '1234567898');
INSERT INTO Cliente (Nombre, Apellido, Direccion, Celular) VALUES ('Roberto', 'Flores', 'Direccion10', '1234567899');
INSERT INTO Cliente (Nombre, Apellido, Direccion, Celular) VALUES ('Fernando', 'Rivera', 'Direccion11', '1234567800');
INSERT INTO Cliente (Nombre, Apellido, Direccion, Celular) VALUES ('Alejandro', 'Gomez', 'Direccion12', '1234567801');
INSERT INTO Cliente (Nombre, Apellido, Direccion, Celular) VALUES ('Manuel', 'Diaz', 'Direccion13', '1234567802');
INSERT INTO Cliente (Nombre, Apellido, Direccion, Celular) VALUES ('Eduardo', 'Cruz', 'Direccion14', '1234567803');
INSERT INTO Cliente (Nombre, Apellido, Direccion, Celular) VALUES ('Javier', 'Morales', 'Direccion15', '1234567804');
INSERT INTO Cliente (Nombre, Apellido, Direccion, Celular) VALUES ('Hector', 'Ortiz', 'Direccion16', '1234567805');
INSERT INTO Cliente (Nombre, Apellido, Direccion, Celular) VALUES ('Arturo', 'Gutierrez', 'Direccion17', '1234567806');
INSERT INTO Cliente (Nombre, Apellido, Direccion, Celular) VALUES ('Raul', 'Chavez', 'Direccion18', '1234567807');
INSERT INTO Cliente (Nombre, Apellido, Direccion, Celular) VALUES ('Sergio', 'Ramos', 'Direccion19', '1234567808');
INSERT INTO Cliente (Nombre, Apellido, Direccion, Celular) VALUES ('Adrian', 'Mendoza', 'Direccion20', '1234567809');

INSERT INTO FacturaVenta (FechaVenta, ClienteId) VALUES ('2023-01-01', 1);
INSERT INTO FacturaVenta (FechaVenta, ClienteId) VALUES ('2023-01-02', 2);
INSERT INTO FacturaVenta (FechaVenta, ClienteId) VALUES ('2023-01-03', 3);
INSERT INTO FacturaVenta (FechaVenta, ClienteId) VALUES ('2023-01-04', 4);
INSERT INTO FacturaVenta (FechaVenta, ClienteId) VALUES ('2023-01-05', 5);
INSERT INTO FacturaVenta (FechaVenta, ClienteId) VALUES ('2023-01-06', 6);
INSERT INTO FacturaVenta (FechaVenta, ClienteId) VALUES ('2023-01-07', 7);
INSERT INTO FacturaVenta (FechaVenta, ClienteId) VALUES ('2023-01-08', 8);
INSERT INTO FacturaVenta (FechaVenta, ClienteId) VALUES ('2023-01-09', 9);
INSERT INTO FacturaVenta (FechaVenta, ClienteId) VALUES ('2023-01-10', 10);
INSERT INTO FacturaVenta (FechaVenta, ClienteId) VALUES ('2023-01-11', 11);
INSERT INTO FacturaVenta (FechaVenta, ClienteId) VALUES ('2023-01-12', 12);
INSERT INTO FacturaVenta (FechaVenta, ClienteId) VALUES ('2023-01-13', 13);
INSERT INTO FacturaVenta (FechaVenta, ClienteId) VALUES ('2023-01-14', 14);
INSERT INTO FacturaVenta (FechaVenta, ClienteId) VALUES ('2023-01-15', 15);
INSERT INTO FacturaVenta (FechaVenta, ClienteId) VALUES ('2023-01-16', 16);
INSERT INTO FacturaVenta (FechaVenta, ClienteId) VALUES ('2023-01-17', 17);
INSERT INTO FacturaVenta (FechaVenta, ClienteId) VALUES ('2023-01-18', 18);
INSERT INTO FacturaVenta (FechaVenta, ClienteId) VALUES ('2023-01-19', 19);
INSERT INTO FacturaVenta (FechaVenta, ClienteId) VALUES ('2023-01-20', 20);

INSERT INTO Imagen (Ruta, Nombre) VALUES ('/images/img1.jpg', 'Imagen1');
INSERT INTO Imagen (Ruta, Nombre) VALUES ('/images/img2.jpg', 'Imagen2');
INSERT INTO Imagen (Ruta, Nombre) VALUES ('/images/img3.jpg', 'Imagen3');
INSERT INTO Imagen (Ruta, Nombre) VALUES ('/images/img4.jpg', 'Imagen4');
INSERT INTO Imagen (Ruta, Nombre) VALUES ('/images/img5.jpg', 'Imagen5');
INSERT INTO Imagen (Ruta, Nombre) VALUES ('/images/img6.jpg', 'Imagen6');
INSERT INTO Imagen (Ruta, Nombre) VALUES ('/images/img7.jpg', 'Imagen7');
INSERT INTO Imagen (Ruta, Nombre) VALUES ('/images/img8.jpg', 'Imagen8');
INSERT INTO Imagen (Ruta, Nombre) VALUES ('/images/img9.jpg', 'Imagen9');
INSERT INTO Imagen (Ruta, Nombre) VALUES ('/images/img10.jpg', 'Imagen10');
INSERT INTO Imagen (Ruta, Nombre) VALUES ('/images/img11.jpg', 'Imagen11');
INSERT INTO Imagen (Ruta, Nombre) VALUES ('/images/img12.jpg', 'Imagen12');
INSERT INTO Imagen (Ruta, Nombre) VALUES ('/images/img13.jpg', 'Imagen13');
INSERT INTO Imagen (Ruta, Nombre) VALUES ('/images/img14.jpg', 'Imagen14');
INSERT INTO Imagen (Ruta, Nombre) VALUES ('/images/img15.jpg', 'Imagen15');
INSERT INTO Imagen (Ruta, Nombre) VALUES ('/images/img16.jpg', 'Imagen16');
INSERT INTO Imagen (Ruta, Nombre) VALUES ('/images/img17.jpg', 'Imagen17');
INSERT INTO Imagen (Ruta, Nombre) VALUES ('/images/img18.jpg', 'Imagen18');
INSERT INTO Imagen (Ruta, Nombre) VALUES ('/images/img19.jpg', 'Imagen19');
INSERT INTO Imagen (Ruta, Nombre) VALUES ('/images/img20.jpg', 'Imagen20');
INSERT INTO Imagen (Ruta, Nombre) VALUES ('/images/img21.jpg', 'Imagen21');
INSERT INTO Imagen (Ruta, Nombre) VALUES ('/images/img22.jpg', 'Imagen22');
INSERT INTO Imagen (Ruta, Nombre) VALUES ('/images/img23.jpg', 'Imagen23');
INSERT INTO Imagen (Ruta, Nombre) VALUES ('/images/img24.jpg', 'Imagen24');
INSERT INTO Imagen (Ruta, Nombre) VALUES ('/images/img25.jpg', 'Imagen25');
INSERT INTO Imagen (Ruta, Nombre) VALUES ('/images/img26.jpg', 'Imagen26');
INSERT INTO Imagen (Ruta, Nombre) VALUES ('/images/img27.jpg', 'Imagen27');
INSERT INTO Imagen (Ruta, Nombre) VALUES ('/images/img28.jpg', 'Imagen28');
INSERT INTO Imagen (Ruta, Nombre) VALUES ('/images/img29.jpg', 'Imagen29');
INSERT INTO Imagen (Ruta, Nombre) VALUES ('/images/img30.jpg', 'Imagen30');


INSERT INTO Precio (PrecioCompra, PrecioVenta, Active) VALUES (10.0, 15.0, TRUE);
INSERT INTO Precio (PrecioCompra, PrecioVenta, Active) VALUES (20.0, 25.0, TRUE);
INSERT INTO Precio (PrecioCompra, PrecioVenta, Active) VALUES (30.0, 35.0, TRUE);
INSERT INTO Precio (PrecioCompra, PrecioVenta, Active) VALUES (40.0, 45.0, TRUE);
INSERT INTO Precio (PrecioCompra, PrecioVenta, Active) VALUES (50.0, 55.0, TRUE);
INSERT INTO Precio (PrecioCompra, PrecioVenta, Active) VALUES (60.0, 65.0, TRUE);
INSERT INTO Precio (PrecioCompra, PrecioVenta, Active) VALUES (70.0, 75.0, TRUE);
INSERT INTO Precio (PrecioCompra, PrecioVenta, Active) VALUES (80.0, 85.0, TRUE);
INSERT INTO Precio (PrecioCompra, PrecioVenta, Active) VALUES (90.0, 95.0, TRUE);
INSERT INTO Precio (PrecioCompra, PrecioVenta, Active) VALUES (100.0, 105.0, TRUE);
INSERT INTO Precio (PrecioCompra, PrecioVenta, Active) VALUES (110.0, 115.0, TRUE);
INSERT INTO Precio (PrecioCompra, PrecioVenta, Active) VALUES (120.0, 125.0, TRUE);
INSERT INTO Precio (PrecioCompra, PrecioVenta, Active) VALUES (130.0, 135.0, TRUE);
INSERT INTO Precio (PrecioCompra, PrecioVenta, Active) VALUES (140.0, 145.0, TRUE);
INSERT INTO Precio (PrecioCompra, PrecioVenta, Active) VALUES (150.0, 155.0, TRUE);
INSERT INTO Precio (PrecioCompra, PrecioVenta, Active) VALUES (160.0, 165.0, TRUE);
INSERT INTO Precio (PrecioCompra, PrecioVenta, Active) VALUES (170.0, 175.0, TRUE);
INSERT INTO Precio (PrecioCompra, PrecioVenta, Active) VALUES (180.0, 185.0, TRUE);
INSERT INTO Precio (PrecioCompra, PrecioVenta, Active) VALUES (190.0, 195.0, TRUE);
INSERT INTO Precio (PrecioCompra, PrecioVenta, Active) VALUES (200.0, 205.0, TRUE);
INSERT INTO Precio (PrecioCompra, PrecioVenta, Active) VALUES (210.0, 215.0, TRUE);
INSERT INTO Precio (PrecioCompra, PrecioVenta, Active) VALUES (220.0, 225.0, TRUE);
INSERT INTO Precio (PrecioCompra, PrecioVenta, Active) VALUES (230.0, 235.0, TRUE);
INSERT INTO Precio (PrecioCompra, PrecioVenta, Active) VALUES (240.0, 245.0, TRUE);
INSERT INTO Precio (PrecioCompra, PrecioVenta, Active) VALUES (250.0, 255.0, TRUE);
INSERT INTO Precio (PrecioCompra, PrecioVenta, Active) VALUES (260.0, 265.0, TRUE);
INSERT INTO Precio (PrecioCompra, PrecioVenta, Active) VALUES (270.0, 275.0, TRUE);
INSERT INTO Precio (PrecioCompra, PrecioVenta, Active) VALUES (280.0, 285.0, TRUE);
INSERT INTO Precio (PrecioCompra, PrecioVenta, Active) VALUES (290.0, 295.0, TRUE);
INSERT INTO Precio (PrecioCompra, PrecioVenta, Active) VALUES (300.0, 305.0, TRUE);

INSERT INTO Producto (MarcaId, PrecioId, UnidadId, ImagenId, ProveedorId, Descripcion) VALUES (1, 1, 1, 1, 1, 'Memoria RAM');
INSERT INTO Producto (MarcaId, PrecioId, UnidadId, ImagenId, ProveedorId, Descripcion) VALUES (2, 2, 2, 2, 2, 'SSD');
INSERT INTO Producto (MarcaId, PrecioId, UnidadId, ImagenId, ProveedorId, Descripcion) VALUES (3, 3, 3, 3, 3, 'Procesador');
INSERT INTO Producto (MarcaId, PrecioId, UnidadId, ImagenId, ProveedorId, Descripcion) VALUES (4, 4, 4, 4, 4, 'Tarjeta Gráfica');
INSERT INTO Producto (MarcaId, PrecioId, UnidadId, ImagenId, ProveedorId, Descripcion) VALUES (5, 5, 5, 5, 5, 'Disco Duro');
INSERT INTO Producto (MarcaId, PrecioId, UnidadId, ImagenId, ProveedorId, Descripcion) VALUES (6, 6, 6, 6, 6, 'Placa Base');
INSERT INTO Producto (MarcaId, PrecioId, UnidadId, ImagenId, ProveedorId, Descripcion) VALUES (7, 7, 7, 7, 7, 'Fuente de Alimentación');
INSERT INTO Producto (MarcaId, PrecioId, UnidadId, ImagenId, ProveedorId, Descripcion) VALUES (8, 8, 8, 8, 8, 'Ventilador');
INSERT INTO Producto (MarcaId, PrecioId, UnidadId, ImagenId, ProveedorId, Descripcion) VALUES (9, 9, 9, 9, 9, 'Teclado');
INSERT INTO Producto (MarcaId, PrecioId, UnidadId, ImagenId, ProveedorId, Descripcion) VALUES (10, 10, 10, 10, 10, 'Pantalla');
INSERT INTO Producto (MarcaId, PrecioId, UnidadId, ImagenId, ProveedorId, Descripcion) VALUES (1, 1, 1, 1, 1, 'Batería');
INSERT INTO Producto (MarcaId, PrecioId, UnidadId, ImagenId, ProveedorId, Descripcion) VALUES (2, 2, 2, 2, 2, 'Cargador');
INSERT INTO Producto (MarcaId, PrecioId, UnidadId, ImagenId, ProveedorId, Descripcion) VALUES (3, 3, 3, 3, 3, 'Cámara Web');
INSERT INTO Producto (MarcaId, PrecioId, UnidadId, ImagenId, ProveedorId, Descripcion) VALUES (4, 4, 4, 4, 4, 'Micrófono');
INSERT INTO Producto (MarcaId, PrecioId, UnidadId, ImagenId, ProveedorId, Descripcion) VALUES (5, 5, 5, 5, 5, 'Altavoces');
INSERT INTO Producto (MarcaId, PrecioId, UnidadId, ImagenId, ProveedorId, Descripcion) VALUES (6, 6, 6, 6, 6, 'Touchpad');
INSERT INTO Producto (MarcaId, PrecioId, UnidadId, ImagenId, ProveedorId, Descripcion) VALUES (7, 7, 7, 7, 7, 'Carcasa');
INSERT INTO Producto (MarcaId, PrecioId, UnidadId, ImagenId, ProveedorId, Descripcion) VALUES (8, 8, 8, 8, 8, 'Bisagras');
INSERT INTO Producto (MarcaId, PrecioId, UnidadId, ImagenId, ProveedorId, Descripcion) VALUES (9, 9, 9, 9, 9, 'Puerto USB');
INSERT INTO Producto (MarcaId, PrecioId, UnidadId, ImagenId, ProveedorId, Descripcion) VALUES (10, 10, 10, 10, 10, 'Puerto HDMI');
INSERT INTO Producto (MarcaId, PrecioId, UnidadId, ImagenId, ProveedorId, Descripcion) VALUES (1, 1, 1, 1, 1, 'Puerto Ethernet');
INSERT INTO Producto (MarcaId, PrecioId, UnidadId, ImagenId, ProveedorId, Descripcion) VALUES (2, 2, 2, 2, 2, 'Ranura SD');
INSERT INTO Producto (MarcaId, PrecioId, UnidadId, ImagenId, ProveedorId, Descripcion) VALUES (3, 3, 3, 3, 3, 'Adaptador WiFi');
INSERT INTO Producto (MarcaId, PrecioId, UnidadId, ImagenId, ProveedorId, Descripcion) VALUES (4, 4, 4, 4, 4, 'Adaptador Bluetooth');
INSERT INTO Producto (MarcaId, PrecioId, UnidadId, ImagenId, ProveedorId, Descripcion) VALUES (5, 5, 5, 5, 5, 'Antena WiFi');
INSERT INTO Producto (MarcaId, PrecioId, UnidadId, ImagenId, ProveedorId, Descripcion) VALUES (6, 6, 6, 6, 6, 'Módulo RAM');
INSERT INTO Producto (MarcaId, PrecioId, UnidadId, ImagenId, ProveedorId, Descripcion) VALUES (7, 7, 7, 7, 7, 'Módulo SSD');
INSERT INTO Producto (MarcaId, PrecioId, UnidadId, ImagenId, ProveedorId, Descripcion) VALUES (8, 8, 8, 8, 8, 'Módulo HDD');
INSERT INTO Producto (MarcaId, PrecioId, UnidadId, ImagenId, ProveedorId, Descripcion) VALUES (9, 9, 9, 9, 9, 'Módulo CPU');
INSERT INTO Producto (MarcaId, PrecioId, UnidadId, ImagenId, ProveedorId, Descripcion) VALUES (10, 10, 10, 10, 10, 'Módulo GPU');

INSERT INTO ProductoFactura (ProductoId) VALUES (1);
INSERT INTO ProductoFactura (ProductoId) VALUES (2);
INSERT INTO ProductoFactura (ProductoId) VALUES (3);
INSERT INTO ProductoFactura (ProductoId) VALUES (4);
INSERT INTO ProductoFactura (ProductoId) VALUES (5);
INSERT INTO ProductoFactura (ProductoId) VALUES (6);
INSERT INTO ProductoFactura (ProductoId) VALUES (7);
INSERT INTO ProductoFactura (ProductoId) VALUES (8);
INSERT INTO ProductoFactura (ProductoId) VALUES (9);
INSERT INTO ProductoFactura (ProductoId) VALUES (10);
INSERT INTO ProductoFactura (ProductoId) VALUES (11);
INSERT INTO ProductoFactura (ProductoId) VALUES (12);
INSERT INTO ProductoFactura (ProductoId) VALUES (13);
INSERT INTO ProductoFactura (ProductoId) VALUES (14);
INSERT INTO ProductoFactura (ProductoId) VALUES (15);
INSERT INTO ProductoFactura (ProductoId) VALUES (16);
INSERT INTO ProductoFactura (ProductoId) VALUES (17);
INSERT INTO ProductoFactura (ProductoId) VALUES (18);
INSERT INTO ProductoFactura (ProductoId) VALUES (19);
INSERT INTO ProductoFactura (ProductoId) VALUES (20);
INSERT INTO ProductoFactura (ProductoId) VALUES (21);
INSERT INTO ProductoFactura (ProductoId) VALUES (22);
INSERT INTO ProductoFactura (ProductoId) VALUES (23);
INSERT INTO ProductoFactura (ProductoId) VALUES (24);
INSERT INTO ProductoFactura (ProductoId) VALUES (25);

INSERT INTO ProductoProveedor (ProductoId, ProveedorId) VALUES (1, 1);
INSERT INTO ProductoProveedor (ProductoId, ProveedorId) VALUES (2, 2);
INSERT INTO ProductoProveedor (ProductoId, ProveedorId) VALUES (3, 3);
INSERT INTO ProductoProveedor (ProductoId, ProveedorId) VALUES (4, 4);
INSERT INTO ProductoProveedor (ProductoId, ProveedorId) VALUES (5, 5);
INSERT INTO ProductoProveedor (ProductoId, ProveedorId) VALUES (6, 6);
INSERT INTO ProductoProveedor (ProductoId, ProveedorId) VALUES (7, 7);
INSERT INTO ProductoProveedor (ProductoId, ProveedorId) VALUES (8, 8);
INSERT INTO ProductoProveedor (ProductoId, ProveedorId) VALUES (9, 9);
INSERT INTO ProductoProveedor (ProductoId, ProveedorId) VALUES (10, 10);
INSERT INTO ProductoProveedor (ProductoId, ProveedorId) VALUES (11, 11);
INSERT INTO ProductoProveedor (ProductoId, ProveedorId) VALUES (12, 12);
INSERT INTO ProductoProveedor (ProductoId, ProveedorId) VALUES (13, 13);
INSERT INTO ProductoProveedor (ProductoId, ProveedorId) VALUES (14, 14);
INSERT INTO ProductoProveedor (ProductoId, ProveedorId) VALUES (15, 15);
INSERT INTO ProductoProveedor (ProductoId, ProveedorId) VALUES (16, 16);
INSERT INTO ProductoProveedor (ProductoId, ProveedorId) VALUES (17, 17);
INSERT INTO ProductoProveedor (ProductoId, ProveedorId) VALUES (18, 18);
INSERT INTO ProductoProveedor (ProductoId, ProveedorId) VALUES (19, 19);
INSERT INTO ProductoProveedor (ProductoId, ProveedorId) VALUES (20, 20);
INSERT INTO ProductoProveedor (ProductoId, ProveedorId) VALUES (21, 1);
INSERT INTO ProductoProveedor (ProductoId, ProveedorId) VALUES (22, 2);
INSERT INTO ProductoProveedor (ProductoId, ProveedorId) VALUES (23, 3);
INSERT INTO ProductoProveedor (ProductoId, ProveedorId) VALUES (24, 4);
INSERT INTO ProductoProveedor (ProductoId, ProveedorId) VALUES (25, 5);
INSERT INTO ProductoProveedor (ProductoId, ProveedorId) VALUES (26, 6);
INSERT INTO ProductoProveedor (ProductoId, ProveedorId) VALUES (27, 7);
INSERT INTO ProductoProveedor (ProductoId, ProveedorId) VALUES (28, 8);
INSERT INTO ProductoProveedor (ProductoId, ProveedorId) VALUES (29, 9);
INSERT INTO ProductoProveedor (ProductoId, ProveedorId) VALUES (30, 10);

INSERT INTO ProductoImagen (ProductoId, ImagenId) VALUES (1, 1);
INSERT INTO ProductoImagen (ProductoId, ImagenId) VALUES (2, 2);
INSERT INTO ProductoImagen (ProductoId, ImagenId) VALUES (3, 3);
INSERT INTO ProductoImagen (ProductoId, ImagenId) VALUES (4, 4);
INSERT INTO ProductoImagen (ProductoId, ImagenId) VALUES (5, 5);
INSERT INTO ProductoImagen (ProductoId, ImagenId) VALUES (6, 6);
INSERT INTO ProductoImagen (ProductoId, ImagenId) VALUES (7, 7);
INSERT INTO ProductoImagen (ProductoId, ImagenId) VALUES (8, 8);
INSERT INTO ProductoImagen (ProductoId, ImagenId) VALUES (9, 9);
INSERT INTO ProductoImagen (ProductoId, ImagenId) VALUES (10, 10);
INSERT INTO ProductoImagen (ProductoId, ImagenId) VALUES (11, 11);
INSERT INTO ProductoImagen (ProductoId, ImagenId) VALUES (12, 12);
INSERT INTO ProductoImagen (ProductoId, ImagenId) VALUES (13, 13);
INSERT INTO ProductoImagen (ProductoId, ImagenId) VALUES (14, 14);
INSERT INTO ProductoImagen (ProductoId, ImagenId) VALUES (15, 15);
INSERT INTO ProductoImagen (ProductoId, ImagenId) VALUES (16, 16);
INSERT INTO ProductoImagen (ProductoId, ImagenId) VALUES (17, 17);
INSERT INTO ProductoImagen (ProductoId, ImagenId) VALUES (18, 18);
INSERT INTO ProductoImagen (ProductoId, ImagenId) VALUES (19, 19);
INSERT INTO ProductoImagen (ProductoId, ImagenId) VALUES (20, 20);
INSERT INTO ProductoImagen (ProductoId, ImagenId) VALUES (21, 21);
INSERT INTO ProductoImagen (ProductoId, ImagenId) VALUES (22, 22);
INSERT INTO ProductoImagen (ProductoId, ImagenId) VALUES (23, 23);
INSERT INTO ProductoImagen (ProductoId, ImagenId) VALUES (24, 24);
INSERT INTO ProductoImagen (ProductoId, ImagenId) VALUES (25, 25);
INSERT INTO ProductoImagen (ProductoId, ImagenId) VALUES (26, 26);
INSERT INTO ProductoImagen (ProductoId, ImagenId) VALUES (27, 27);
INSERT INTO ProductoImagen (ProductoId, ImagenId) VALUES (28, 28);
INSERT INTO ProductoImagen (ProductoId, ImagenId) VALUES (29, 29);
INSERT INTO ProductoImagen (ProductoId, ImagenId) VALUES (30, 30);
